{
  "metrics": {
    "gsm8k": {
      "accuracy": 0.09021986353297953
    },
    "arc": {
      "accuracy": 0.5622866894197952
    },
    "commonsenseqa": {
      "accuracy": 0.6552006552006552
    },
    "piqa": {
      "accuracy": 0.7437431991294886
    },
    "winogrande": {
      "accuracy": 0.6685082872928176
    },
    "boolq": {
      "accuracy": 0.7920489296636085
    },
    "hellaswag": {
      "accuracy": 0.8121888070105556
    },
    "math": {
      "accuracy": 0.0306
    },
    "openbookqa": {
      "accuracy": 0.636
    },
    "sciq": {
      "accuracy": 0.838
    },
    "mbpp": {
      "bleu": 0.08329664133525407,
      "rougeL": 0.47402925986908945
    },
    "logiqa2": {
      "accuracy": 0.37786259541984735
    },
    "drop": {
      "accuracy": 0.39480354879594426
    },
    "mmlu_aux": {
      "accuracy": 0.4523947837583382
    },
    "triviaqa": {
      "accuracy": 0.3418617614269788
    },
    "anli": {
      "accuracy": 0.4475
    },
    "e2e": {
      "bleu": 0.5822963721713845,
      "rougeL": 0.6642991117999419
    },
    "samsum": {
      "bleu": 0.09898184317604908,
      "rougeL": 0.38217523712526913
    }
  },
  "routing": {
    "gsm8k": {
      "entropy": 3.9506603233139956,
      "max_entropy": 4.0,
      "normalized_entropy": 0.9876650808284989,
      "components_used": 16,
      "components_used_1pct": 16,
      "total_components": 16,
      "top_components": {
        "15": 164354,
        "10": 130526,
        "0": 117315,
        "8": 114482,
        "1": 113438
      },
      "usage_counts": [
        117315.0,
        113438.0,
        98100.0,
        59024.0,
        75223.0,
        85797.0,
        103836.0,
        104394.0,
        114482.0,
        74495.0,
        130526.0,
        78425.0,
        74086.0,
        99256.0,
        70641.0,
        164354.0
      ]
    },
    "arc": {
      "entropy": 3.949255484096313,
      "max_entropy": 4.0,
      "normalized_entropy": 0.9873138710240783,
      "components_used": 16,
      "components_used_1pct": 16,
      "total_components": 16,
      "top_components": {
        "15": 170161,
        "10": 138545,
        "0": 124830,
        "8": 121531,
        "1": 119507
      },
      "usage_counts": [
        124830.0,
        119507.0,
        103382.0,
        60952.0,
        77480.0,
        90796.0,
        110599.0,
        108558.0,
        121531.0,
        75927.0,
        138545.0,
        82465.0,
        78405.0,
        110382.0,
        73072.0,
        170161.0
      ]
    },
    "commonsenseqa": {
      "entropy": 3.9475894881040694,
      "max_entropy": 4.0,
      "normalized_entropy": 0.9868973720260173,
      "components_used": 16,
      "components_used_1pct": 16,
      "total_components": 16,
      "top_components": {
        "15": 103970,
        "10": 87694,
        "8": 84670,
        "0": 80865,
        "1": 72828
      },
      "usage_counts": [
        80865.0,
        72828.0,
        65508.0,
        38176.0,
        50156.0,
        58728.0,
        69058.0,
        71269.0,
        84670.0,
        47593.0,
        87694.0,
        49441.0,
        49820.0,
        71348.0,
        44380.0,
        103970.0
      ]
    },
    "piqa": {
      "entropy": 3.949520264099044,
      "max_entropy": 4.0,
      "normalized_entropy": 0.987380066024761,
      "components_used": 16,
      "components_used_1pct": 16,
      "total_components": 16,
      "top_components": {
        "15": 174634,
        "10": 140574,
        "0": 122846,
        "1": 121774,
        "6": 114803
      },
      "usage_counts": [
        122846.0,
        121774.0,
        104720.0,
        61455.0,
        76628.0,
        92354.0,
        114803.0,
        105282.0,
        114249.0,
        77014.0,
        140574.0,
        84508.0,
        78205.0,
        110291.0,
        76983.0,
        174634.0
      ]
    },
    "winogrande": {
      "entropy": 3.949660663801181,
      "max_entropy": 4.0,
      "normalized_entropy": 0.9874151659502952,
      "components_used": 16,
      "components_used_1pct": 16,
      "total_components": 16,
      "top_components": {
        "15": 90852,
        "10": 75290,
        "0": 74082,
        "8": 70764,
        "13": 65164
      },
      "usage_counts": [
        74082.0,
        61908.0,
        57952.0,
        32547.0,
        42298.0,
        55045.0,
        63093.0,
        59643.0,
        70764.0,
        42362.0,
        75290.0,
        43200.0,
        45199.0,
        65164.0,
        41177.0,
        90852.0
      ]
    },
    "boolq": {
      "entropy": 3.950691296487416,
      "max_entropy": 4.0,
      "normalized_entropy": 0.987672824121854,
      "components_used": 16,
      "components_used_1pct": 16,
      "total_components": 16,
      "top_components": {
        "15": 380961,
        "10": 306999,
        "0": 272258,
        "1": 267998,
        "8": 259256
      },
      "usage_counts": [
        272258.0,
        267998.0,
        229683.0,
        136078.0,
        174448.0,
        200435.0,
        243889.0,
        239063.0,
        259256.0,
        170498.0,
        306999.0,
        184713.0,
        175222.0,
        237047.0,
        164204.0,
        380961.0
      ]
    },
    "hellaswag": {
      "entropy": 3.9488484996071196,
      "max_entropy": 4.0,
      "normalized_entropy": 0.9872121249017799,
      "components_used": 16,
      "components_used_1pct": 16,
      "total_components": 16,
      "top_components": {
        "15": 251040,
        "10": 202005,
        "0": 188515,
        "8": 177922,
        "6": 168048
      },
      "usage_counts": [
        188515.0,
        167056.0,
        153231.0,
        87170.0,
        109496.0,
        141340.0,
        168048.0,
        154727.0,
        177922.0,
        113990.0,
        202005.0,
        117997.0,
        118710.0,
        166409.0,
        109224.0,
        251040.0
      ]
    },
    "math": {
      "entropy": 3.950028084567364,
      "max_entropy": 4.0,
      "normalized_entropy": 0.987507021141841,
      "components_used": 16,
      "components_used_1pct": 16,
      "total_components": 16,
      "top_components": {
        "15": 152601,
        "10": 120786,
        "0": 105718,
        "1": 105245,
        "8": 100860
      },
      "usage_counts": [
        105718.0,
        105245.0,
        90829.0,
        52971.0,
        68298.0,
        79182.0,
        97222.0,
        92841.0,
        100860.0,
        68679.0,
        120786.0,
        73361.0,
        68531.0,
        92323.0,
        65177.0,
        152601.0
      ]
    },
    "openbookqa": {
      "entropy": 3.9492372725483835,
      "max_entropy": 4.0,
      "normalized_entropy": 0.9873093181370959,
      "components_used": 16,
      "components_used_1pct": 16,
      "total_components": 16,
      "top_components": {
        "15": 109243,
        "10": 89579,
        "0": 80168,
        "8": 78522,
        "1": 76977
      },
      "usage_counts": [
        80168.0,
        76977.0,
        66606.0,
        39238.0,
        50170.0,
        58719.0,
        71907.0,
        70524.0,
        78522.0,
        48655.0,
        89579.0,
        53008.0,
        50434.0,
        71029.0,
        46981.0,
        109243.0
      ]
    },
    "sciq": {
      "entropy": 3.9498163166774094,
      "max_entropy": 4.0,
      "normalized_entropy": 0.9874540791693524,
      "components_used": 16,
      "components_used_1pct": 16,
      "total_components": 16,
      "top_components": {
        "15": 100474,
        "10": 83274,
        "8": 77980,
        "0": 76261,
        "1": 71159
      },
      "usage_counts": [
        76261.0,
        71159.0,
        62194.0,
        36971.0,
        47972.0,
        55972.0,
        66390.0,
        67303.0,
        77980.0,
        45256.0,
        83274.0,
        48596.0,
        48131.0,
        66646.0,
        43437.0,
        100474.0
      ]
    },
    "mbpp": {
      "entropy": 3.9522093079241403,