{
  "metrics": {
    "gsm8k": {
      "accuracy": 0.10386656557998483
    },
    "arc": {
      "accuracy": 0.5674061433447098
    },
    "commonsenseqa": {
      "accuracy": 0.6339066339066339
    },
    "piqa": {
      "accuracy": 0.7176278563656148
    },
    "winogrande": {
      "accuracy": 0.6369376479873717
    },
    "boolq": {
      "accuracy": 0.7709480122324159
    },
    "hellaswag": {
      "accuracy": 0.7848038239394542
    },
    "math": {
      "accuracy": 0.0292
    },
    "openbookqa": {
      "accuracy": 0.63
    },
    "sciq": {
      "accuracy": 0.816
    },
    "mbpp": {
      "bleu": 0.07771228875556782,
      "rougeL": 0.46006674225895916
    },
    "logiqa2": {
      "accuracy": 0.35368956743002544
    },
    "drop": {
      "accuracy": 0.39142374313476974
    },
    "mmlu_aux": {
      "accuracy": 0.43386550750185293
    },
    "triviaqa": {
      "accuracy": 0.3288182831661092
    },
    "anli": {
      "accuracy": 0.43916666666666665
    },
    "e2e": {
      "bleu": 0.5735493778189558,
      "rougeL": 0.6601840472355073
    },
    "samsum": {
      "bleu": 0.0991145198222744,
      "rougeL": 0.38255505652024147
    }
  },
  "routing": {
    "gsm8k": {
      "entropy": 2.932074097748296,
      "max_entropy": 3.0,
      "normalized_entropy": 0.9773580325827654,
      "components_used": 8,
      "components_used_1pct": 8,
      "total_components": 8,
      "top_components": {
        "2": 145983,
        "5": 141155,
        "6": 104616,
        "7": 97949,
        "3": 89766
      },
      "usage_counts": [
        61428.0,
        61293.0,
        145983.0,
        89766.0,
        79506.0,
        141155.0,
        104616.0,
        97949.0
      ]
    },
    "arc": {
      "entropy": 2.9338561081671215,
      "max_entropy": 3.0,
      "normalized_entropy": 0.9779520360557071,
      "components_used": 8,
      "components_used_1pct": 8,
      "total_components": 8,
      "top_components": {
        "2": 153167,
        "5": 148048,
        "6": 109319,
        "7": 103787,
        "3": 95185
      },
      "usage_counts": [
        65414.0,
        64971.0,
        153167.0,
        95185.0,
        83405.0,
        148048.0,
        109319.0,
        103787.0
      ]
    },
    "commonsenseqa": {
      "entropy": 2.9410862431461045,
      "max_entropy": 3.0,
      "normalized_entropy": 0.9803620810487015,
      "components_used": 8,
      "components_used_1pct": 8,
      "total_components": 8,
      "top_components": {
        "2": 96015,
        "5": 91659,
        "7": 67119,
        "6": 66945,
        "3": 61343
      },
      "usage_counts": [
        42397.0,
        42036.0,
        96015.0,
        61343.0,
        55238.0,
        91659.0,
        66945.0,
        67119.0
      ]
    },
    "piqa": {
      "entropy": 2.929408433262037,
      "max_entropy": 3.0,
      "normalized_entropy": 0.9764694777540123,
      "components_used": 8,
      "components_used_1pct": 8,
      "total_components": 8,
      "top_components": {
        "2": 155015,
        "5": 151222,
        "6": 112160,
        "7": 103852,
        "3": 93875
      },
      "usage_counts": [
        64959.0,
        64779.0,
        155015.0,
        93875.0,
        82298.0,
        151222.0,
        112160.0,
        103852.0
      ]
    },
    "winogrande": {
      "entropy": 2.93963309554747,
      "max_entropy": 3.0,
      "normalized_entropy": 0.9798776985158234,
      "components_used": 8,
      "components_used_1pct": 8,
      "total_components": 8,
      "top_components": {
        "2": 85305,
        "5": 80438,
        "7": 58483,
        "6": 58324,
        "3": 54195
      },
      "usage_counts": [
        36631.0,
        36438.0,
        85305.0,
        54195.0,
        50474.0,
        80438.0,
        58324.0,
        58483.0
      ]
    },
    "boolq": {
      "entropy": 2.9302715928223435,
      "max_entropy": 3.0,
      "normalized_entropy": 0.9767571976074478,
      "components_used": 8,
      "components_used_1pct": 8,
      "total_components": 8,
      "top_components": {
        "2": 341048,
        "5": 330995,
        "6": 245442,
        "7": 227950,
        "3": 208597
      },
      "usage_counts": [
        142832.0,
        142571.0,
        341048.0,
        208597.0,
        181941.0,
        330995.0,
        245442.0,
        227950.0
      ]
    },
    "hellaswag": {
      "entropy": 2.9332279632701987,
      "max_entropy": 3.0,
      "normalized_entropy": 0.9777426544233996,
      "components_used": 8,
      "components_used_1pct": 8,
      "total_components": 8,
      "top_components": {
        "2": 226734,
        "5": 217536,
        "6": 160257,
        "7": 152750,
        "3": 141616
      },
      "usage_counts": [
        95387.0,
        95165.0,
        226734.0,
        141616.0,
        123995.0,
        217536.0,
        160257.0,
        152750.0
      ]
    },
    "math": {
      "entropy": 2.9303376198958437,
      "max_entropy": 3.0,
      "normalized_entropy": 0.976779206631948,
      "components_used": 8,
      "components_used_1pct": 8,
      "total_components": 8,
      "top_components": {
        "2": 134221,
        "5": 130394,
        "6": 96717,
        "7": 89779,
        "3": 81969
      },
      "usage_counts": [
        56300.0,
        56060.0,
        134221.0,
        81969.0,
        71872.0,
        130394.0,
        96717.0,
        89779.0
      ]
    },
    "openbookqa": {
      "entropy": 2.9352475619242417,
      "max_entropy": 3.0,
      "normalized_entropy": 0.9784158539747473,
      "components_used": 8,
      "components_used_1pct": 8,
      "total_components": 8,
      "top_components": {
        "2": 98305,
        "5": 95327,
        "6": 70429,
        "7": 67156,
        "3": 60994
      },
      "usage_counts": [
        42451.0,
        42198.0,
        98305.0,
        60994.0,
        54020.0,
        95327.0,
        70429.0,
        67156.0
      ]
    },
    "sciq": {
      "entropy": 2.9398485988347796,
      "max_entropy": 3.0,
      "normalized_entropy": 0.9799495329449265,
      "components_used": 8,
      "components_used_1pct": 8,
      "total_components": 8,
      "top_components": {
        "2": 91694,
        "5": 88282,
        "6": 65054,
        "7": 63245,
        "3": 57795
      },
      "usage_counts": [
        40468.0,
        40123.0,
        91694.0,
        57795.0,
        52347.0,
        88282.0,
        65054.0,
        63245.0
      ]
    },
    "mbpp": {
      "entropy": 2.931268620780491,
      "max_entropy": 3.0,
      "normalized_entropy": 0.9770895402601637,
      "components_used": 8,
      "components_used_1pct": 8,
      "total_components": 8,
      "top_components": {
        "2": 121748,
        "5": 118326,
        "6": 87659,
        "7": 81676,
        "3": 74324
      },
      "usage_counts": [
        51551.0,
        51096.0,
        121748.0,
        74324.0,
        65396.0,
        118326.0,
        87659.0,
        81676.0
      ]
    },
    "logiqa2": {
      "entropy": 2.93187726815482,
      "max_entropy": 3.0,
      "normalized_entropy": 0.9772924227182734,
      "components_used": 8,
      "components_used_1pct": 8,
      "total_components": 8,
      "top_components": {
        "2": 460809,
        "5": 443867,
        "6": 327394,
        "7": 309377,
        "3": 285047
      },
      "usage_counts": [
        193618.0,
        192530.0,
        460809.0,
        285047.0,
        248926.0,
        443867.0,
        327394.0,
        309377.0
      ]
    },
    "drop": {
      "entropy": 2.937355376837187,
      "max_entropy": 3.0,
      "normalized_entropy": 0.979118458945729,
      "components_used": 8,
      "components_used_1pct": 8,
      "total_components": 8,
      "top_components": {
        "2": 648835,
        "5": 603056,
        "6": 438966,
        "7": 433931,
        "3": 421501
      },