{
  "metrics": {
    "gsm8k": {
      "accuracy": 0.10310841546626232
    },
    "arc": {
      "accuracy": 0.5938566552901023
    },
    "commonsenseqa": {
      "accuracy": 0.6691236691236692
    },
    "piqa": {
      "accuracy": 0.7372143634385201
    },
    "winogrande": {
      "accuracy": 0.6795580110497238
    },
    "boolq": {
      "accuracy": 0.7877675840978593
    },
    "hellaswag": {
      "accuracy": 0.8125871340370444
    },
    "math": {
      "accuracy": 0.0314
    },
    "openbookqa": {
      "accuracy": 0.7
    },
    "sciq": {
      "accuracy": 0.836
    },
    "mbpp": {
      "bleu": 0.07311231965462399,
      "rougeL": 0.4631893513760023
    },
    "logiqa2": {
      "accuracy": 0.39631043256997456
    },
    "drop": {
      "accuracy": 0.4062103929024081
    },
    "mmlu_aux": {
      "accuracy": 0.4743294405160153
    },
    "triviaqa": {
      "accuracy": 0.20741360089186175
    },
    "anli": {
      "accuracy": 0.4525
    },
    "e2e": {
      "bleu": 0.5698215286426015,
      "rougeL": 0.6568382236963279
    },
    "samsum": {
      "bleu": 0.10151548021271435,
      "rougeL": 0.3793886829862357
    }
  },
  "routing": {
    "gsm8k": {
      "entropy": 4.97786437077842,
      "max_entropy": 5.0,
      "normalized_entropy": 0.995572874155684,
      "components_used": 32,
      "components_used_1pct": 32,
      "total_components": 32,
      "top_components": {
        "26": 140981,
        "24": 132500,
        "5": 125916,
        "31": 120212,
        "0": 120117
      },
      "usage_counts": [
        120117.0,
        69611.0,
        93215.0,
        93536.0,
        119412.0,
        125916.0,
        66505.0,
        90368.0,
        96675.0,
        99295.0,
        81335.0,
        109949.0,
        81927.0,
        85958.0,
        84765.0,
        93181.0,
        103047.0,
        89963.0,
        81590.0,
        75215.0,
        94259.0,
        97004.0,
        90099.0,
        99029.0,
        132500.0,
        99393.0,
        140981.0,
        96593.0,
        102609.0,
        82094.0,
        110431.0,
        120212.0
      ]
    },
    "arc": {
      "entropy": 4.981331310567271,
      "max_entropy": 5.0,
      "normalized_entropy": 0.9962662621134543,
      "components_used": 32,
      "components_used_1pct": 32,
      "total_components": 32,
      "top_components": {
        "26": 144131,
        "24": 139766,
        "5": 135878,
        "31": 127117,
        "0": 122944
      },
      "usage_counts": [
        122944.0,
        78971.0,
        98957.0,
        105815.0,
        117949.0,
        135878.0,
        76169.0,
        94245.0,
        100342.0,
        101236.0,
        91858.0,
        109890.0,
        86003.0,
        89627.0,
        96370.0,
        97724.0,
        105363.0,
        87643.0,
        85681.0,
        79162.0,
        95964.0,
        101620.0,
        94472.0,
        103295.0,
        139766.0,
        109027.0,
        144131.0,
        104915.0,
        111507.0,
        89309.0,
        110234.0,
        127117.0
      ]
    },
    "commonsenseqa": {
      "entropy": 4.978910781486006,
      "max_entropy": 5.0,
      "normalized_entropy": 0.9957821562972011,
      "components_used": 32,
      "components_used_1pct": 32,
      "total_components": 32,
      "top_components": {
        "5": 91919,
        "24": 88489,
        "26": 87850,
        "0": 80797,
        "31": 78375
      },
      "usage_counts": [
        80797.0,
        49273.0,
        66585.0,
        75998.0,
        75929.0,
        91919.0,
        49554.0,
        64735.0,
        63056.0,
        58922.0,
        61214.0,
        63750.0,
        47564.0,
        55671.0,
        64439.0,
        65805.0,
        66593.0,
        54609.0,
        54446.0,
        51471.0,
        55078.0,
        63326.0,
        64265.0,
        66209.0,
        88489.0,
        67878.0,
        87850.0,
        65090.0,
        71191.0,
        53760.0,
        67167.0,
        78375.0
      ]
    },
    "piqa": {
      "entropy": 4.982499648573302,
      "max_entropy": 5.0,
      "normalized_entropy": 0.9964999297146605,
      "components_used": 32,
      "components_used_1pct": 32,
      "total_components": 32,
      "top_components": {
        "26": 143502,
        "24": 141400,
        "5": 128466,
        "31": 127315,
        "0": 120816
      },
      "usage_counts": [
        120816.0,
        84407.0,
        97967.0,
        98940.0,
        110497.0,
        128466.0,
        77742.0,
        93950.0,
        103797.0,
        109337.0,
        89835.0,
        117151.0,
        92444.0,
        93540.0,
        95781.0,
        95292.0,
        103732.0,
        86614.0,
        90183.0,
        75389.0,
        100246.0,
        107593.0,
        87348.0,
        103881.0,
        141400.0,
        111578.0,
        143502.0,
        108288.0,
        112879.0,
        89450.0,
        113280.0,
        127315.0
      ]
    },
    "winogrande": {
      "entropy": 4.97920148374995,
      "max_entropy": 5.0,
      "normalized_entropy": 0.99584029674999,
      "components_used": 32,
      "components_used_1pct": 32,
      "total_components": 32,
      "top_components": {
        "24": 82900,
        "5": 77583,
        "3": 71732,
        "26": 69476,
        "0": 68851
      },
      "usage_counts": [
        68851.0,
        46109.0,
        57722.0,
        71732.0,
        58898.0,
        77583.0,
        41900.0,
        58851.0,
        54985.0,
        55258.0,
        55838.0,
        54769.0,
        40481.0,
        56218.0,
        61043.0,
        60112.0,
        56744.0,
        44223.0,
        55842.0,
        42406.0,
        45021.0,
        53453.0,
        54213.0,
        58832.0,
        82900.0,
        60568.0,
        69476.0,
        54209.0,
        60993.0,
        49188.0,
        65097.0,
        67637.0
      ]
    },
    "boolq": {
      "entropy": 4.978817543659666,
      "max_entropy": 5.0,
      "normalized_entropy": 0.9957635087319332,
      "components_used": 32,
      "components_used_1pct": 32,
      "total_components": 32,
      "top_components": {
        "26": 325085,
        "24": 307383,
        "5": 291444,
        "31": 286620,
        "0": 275235
      },
      "usage_counts": [
        275235.0,
        167732.0,
        210277.0,
        213983.0,
        273107.0,
        291444.0,
        167147.0,
        201318.0,
        220305.0,
        233718.0,
        186795.0,
        260995.0,
        192624.0,
        199250.0,
        209983.0,
        204318.0,
        232544.0,
        206010.0,
        186880.0,
        170580.0,
        224628.0,
        231536.0,
        207163.0,
        230067.0,
        307383.0,
        240041.0,
        325085.0,
        224145.0,
        247247.0,
        200497.0,
        256847.0,
        286620.0
      ]
    },
    "hellaswag": {
      "entropy": 4.983339634387718,
      "max_entropy": 5.0,
      "normalized_entropy": 0.9966679268775437,
      "components_used": 32,
      "components_used_1pct": 32,
      "total_components": 32,
      "top_components": {
        "24": 208741,
        "26": 196864,
        "5": 196450,
        "31": 185714,
        "0": 180038
      },
      "usage_counts": [
        180038.0,
        130195.0,
        150053.0,
        165947.0,
        157085.0,
        196450.0,
        112692.0,
        142464.0,
        150128.0,
        157456.0,
        142764.0,
        159055.0,
        121455.0,
        138882.0,
        149025.0,
        145105.0,
        154651.0,
        120248.0,
        141776.0,
        110586.0,
        131797.0,
        148939.0,
        135050.0,
        152726.0,
        208741.0,
        163296.0,
        196864.0,
        150719.0,
        162837.0,
        128062.0,
        162960.0,
        185714.0
      ]
    },
    "math": {
      "entropy": 4.977314219693115,
      "max_entropy": 5.0,
      "normalized_entropy": 0.995462843938623,