{
  "metrics": {
    "gsm8k": {
      "accuracy": 0.0932524639878696
    },
    "arc": {
      "accuracy": 0.5127986348122867
    },
    "commonsenseqa": {
      "accuracy": 0.6846846846846847
    },
    "piqa": {
      "accuracy": 0.7421109902067464
    },
    "winogrande": {
      "accuracy": 0.664561957379637
    },
    "boolq": {
      "accuracy": 0.7868501529051988
    },
    "hellaswag": {
      "accuracy": 0.8122883887671779
    },
    "math": {
      "accuracy": 0.0334
    },
    "openbookqa": {
      "accuracy": 0.58
    },
    "sciq": {
      "accuracy": 0.827
    },
    "e2e": {
      "bleu": 0.5716931456992833,
      "rougeL": 0.6549041807772185
    },
    "samsum": {
      "bleu": 0.10229164501342736,
      "rougeL": 0.3798761301955462
    },
    "mmlu": {
      "accuracy": 0.38050135308360633
    },
    "mmlu_pro": {
      "accuracy": 0.14212101063829788
    },
    "bbh": {
      "accuracy": 0.03338658146964856
    },
    "ifeval": {
      "bleu": 0.07875471540055091,
      "rougeL": 0.33535239872638845
    },
    "agieval": {
      "accuracy": 0.2283464566929134
    },
    "gpqa_diamond": {
      "accuracy": 0.23232323232323232
    },
    "truthfulqa": {
      "accuracy": 0.18849449204406366
    }
  }
}