{
  "metrics": {
    "gsm8k": {
      "accuracy": 0.09855951478392722
    },
    "arc": {
      "accuracy": 0.5742320819112628
    },
    "commonsenseqa": {
      "accuracy": 0.6912366912366913
    },
    "piqa": {
      "accuracy": 0.7388465723612623
    },
    "winogrande": {
      "accuracy": 0.665351223362273
    },
    "boolq": {
      "accuracy": 0.7880733944954128
    },
    "hellaswag": {
      "accuracy": 0.8010356502688707
    },
    "math": {
      "accuracy": 0.0342
    },
    "openbookqa": {
      "accuracy": 0.692
    },
    "sciq": {
      "accuracy": 0.851
    },
    "mbpp": {
      "bleu": 0.08035552605084233,
      "rougeL": 0.4670363559085958
    },
    "logiqa2": {
      "accuracy": 0.3861323155216285
    },
    "drop": {
      "accuracy": 0.3973384030418251
    },
    "mmlu_aux": {
      "accuracy": 0.4506420143827247
    },
    "triviaqa": {
      "accuracy": 0.20618729096989966
    },
    "anli": {
      "accuracy": 0.45416666666666666
    },
    "e2e": {
      "bleu": 0.5671255690559671,
      "rougeL": 0.6532050933726196
    },
    "samsum": {
      "bleu": 0.10112408382313028,
      "rougeL": 0.3779361122371472
    }
  },
  "routing": {
    "gsm8k": {
      "entropy": 3.9581174947373414,
      "max_entropy": 4.0,
      "normalized_entropy": 0.9895293736843354,
      "components_used": 16,
      "components_used_1pct": 16,
      "total_components": 16,
      "top_components": {
        "0": 165039,
        "7": 121590,
        "6": 120090,
        "14": 110284,
        "2": 107641
      },
      "usage_counts": [
        165039.0,
        88347.0,
        107641.0,
        89308.0,
        86146.0,
        97743.0,
        120090.0,
        121590.0,
        72300.0,
        105390.0,
        63059.0,
        87506.0,
        67895.0,
        80367.0,
        110284.0,
        100687.0
      ]
    },
    "arc": {
      "entropy": 3.9566564697002287,
      "max_entropy": 4.0,
      "normalized_entropy": 0.9891641174250572,
      "components_used": 16,
      "components_used_1pct": 16,
      "total_components": 16,
      "top_components": {
        "0": 176553,
        "7": 128071,
        "6": 126185,
        "14": 115256,
        "2": 110999
      },
      "usage_counts": [
        176553.0,
        95198.0,
        110999.0,
        95281.0,
        88864.0,
        99853.0,
        126185.0,
        128071.0,
        75505.0,
        110751.0,
        65810.0,
        95528.0,
        71431.0,
        83061.0,
        115256.0,
        108246.0
      ]
    },
    "commonsenseqa": {
      "entropy": 3.949350808857205,
      "max_entropy": 4.0,
      "normalized_entropy": 0.9873377022143013,
      "components_used": 16,
      "components_used_1pct": 16,
      "total_components": 16,
      "top_components": {
        "0": 115464,
        "7": 80649,
        "6": 79051,
        "14": 72627,
        "15": 71408
      },
      "usage_counts": [
        115464.0,
        67035.0,
        64625.0,
        62048.0,
        55227.0,
        59532.0,
        79051.0,
        80649.0,
        47356.0,
        69211.0,
        37624.0,
        70480.0,
        43395.0,
        49772.0,
        72627.0,
        71408.0
      ]
    },
    "piqa": {
      "entropy": 3.9597823813009896,
      "max_entropy": 4.0,
      "normalized_entropy": 0.9899455953252474,
      "components_used": 16,
      "components_used_1pct": 16,
      "total_components": 16,
      "top_components": {
        "0": 170856,
        "7": 130414,
        "6": 128743,
        "2": 117779,
        "14": 117662
      },
      "usage_counts": [
        170856.0,
        89078.0,
        117779.0,
        92159.0,
        91309.0,
        105671.0,
        128743.0,
        130414.0,
        77537.0,
        112733.0,
        71127.0,
        83154.0,
        75743.0,
        86306.0,
        117662.0,
        106049.0
      ]
    },
    "winogrande": {
      "entropy": 3.954715786931472,
      "max_entropy": 4.0,
      "normalized_entropy": 0.988678946732868,
      "components_used": 16,
      "components_used_1pct": 16,
      "total_components": 16,
      "top_components": {
        "0": 97028,
        "7": 73069,
        "6": 70289,
        "14": 68480,
        "1": 61024
      },
      "usage_counts": [
        97028.0,
        61024.0,
        56637.0,
        51749.0,
        49567.0,
        51650.0,
        70289.0,
        73069.0,
        44387.0,
        59705.0,
        32293.0,
        57052.0,
        41255.0,
        45955.0,
        68480.0,
        60436.0
      ]
    },
    "boolq": {
      "entropy": 3.957798434367182,
      "max_entropy": 4.0,
      "normalized_entropy": 0.9894496085917955,
      "components_used": 16,
      "components_used_1pct": 16,
      "total_components": 16,
      "top_components": {
        "0": 383134,
        "7": 286693,
        "6": 280897,
        "14": 254988,
        "2": 254537
      },
      "usage_counts": [
        383134.0,
        203040.0,
        254537.0,
        206841.0,
        201716.0,
        230368.0,
        280897.0,
        286693.0,
        165588.0,
        246431.0,
        150130.0,
        196862.0,
        158857.0,
        188087.0,
        254988.0,
        234583.0
      ]
    },
    "hellaswag": {
      "entropy": 3.9605494881844607,
      "max_entropy": 4.0,
      "normalized_entropy": 0.9901373720461152,
      "components_used": 16,
      "components_used_1pct": 16,
      "total_components": 16,
      "top_components": {
        "0": 251327,
        "7": 190781,
        "6": 186740,
        "14": 174955,
        "2": 163873
      },
      "usage_counts": [
        251327.0,
        142154.0,
        163873.0,
        135428.0,
        134009.0,
        149275.0,
        186740.0,
        190781.0,
        111973.0,
        161251.0,
        98564.0,
        132606.0,
        111636.0,
        125595.0,
        174955.0,
        156713.0
      ]
    },
    "math": {
      "entropy": 3.958573736938151,
      "max_entropy": 4.0,
      "normalized_entropy": 0.9896434342345377,
      "components_used": 16,
      "components_used_1pct": 16,
      "total_components": 16,
      "top_components": {
        "0": 149838,
        "6": 114147,
        "7": 110105,
        "14": 100649,
        "2": 100302
      },
      "usage_counts": [
        149838.0,
        79054.0,
        100302.0,
        81757.0,
        78940.0,
        89790.0,
        114147.0,
        110105.0,
        67329.0,
        97702.0,
        59162.0,
        75990.0,
        63214.0,
        74049.0,
        100649.0,
        92596.0
      ]
    },
    "openbookqa": {
      "entropy": 3.9568950206177185,
      "max_entropy": 4.0,
      "normalized_entropy": 0.9892237551544296,
      "components_used": 16,
      "components_used_1pct": 16,
      "total_components": 16,
      "top_components": {
        "0": 113565,
        "7": 82415,
        "6": 81368,
        "14": 74214,
        "2": 71723
      },
      "usage_counts": [
        113565.0,
        61464.0,
        71723.0,
        61773.0,
        56731.0,
        64580.0,
        81368.0,
        82415.0,
        48775.0,
        71607.0,
        42393.0,
        61316.0,
        46289.0,
        53533.0,
        74214.0,
        70014.0
      ]
    },
    "sciq": {
      "entropy": 3.9528718761987394,
      "max_entropy": 4.0,
      "normalized_entropy": 0.9882179690496848,
      "components_used": 16,
      "components_used_1pct": 16,
      "total_components": 16,
      "top_components": {
        "0": 109370,
        "7": 77009,
        "6": 76035,
        "14": 69298,
        "15": 67145
      },
      "usage_counts": [
        109370.0,
        60899.0,
        64273.0,
        57860.0,
        53236.0,
        58480.0,
        76035.0,
        77009.0,
        45540.0,
        66613.0,
        37368.0,
        63244.0,
        42557.0,
        49089.0,
        69298.0,
        67145.0
      ]
    },
    "mbpp": {
      "entropy": 3.958331891326914,