{
  "metrics": {
    "gsm8k": {
      "accuracy": 0.10462471569370735
    },
    "arc": {
      "accuracy": 0.5802047781569966
    },
    "commonsenseqa": {
      "accuracy": 0.6502866502866503
    },
    "piqa": {
      "accuracy": 0.7437431991294886
    },
    "winogrande": {
      "accuracy": 0.664561957379637
    },
    "boolq": {
      "accuracy": 0.782262996941896
    },
    "hellaswag": {
      "accuracy": 0.8115913164708225
    },
    "math": {
      "accuracy": 0.0354
    },
    "openbookqa": {
      "accuracy": 0.674
    },
    "sciq": {
      "accuracy": 0.858
    },
    "mbpp": {
      "bleu": 0.0929243831969823,
      "rougeL": 0.4963833133982144
    },
    "logiqa2": {
      "accuracy": 0.38994910941475824
    },
    "drop": {
      "accuracy": 0.40779467680608367
    },
    "mmlu_aux": {
      "accuracy": 0.4668876825384107
    },
    "triviaqa": {
      "accuracy": 0.3479933110367893
    },
    "anli": {
      "accuracy": 0.45166666666666666
    },
    "e2e": {
      "bleu": 0.5793073472014857,
      "rougeL": 0.6619909671228568
    },
    "samsum": {
      "bleu": 0.10536358571926442,
      "rougeL": 0.3806168842400591
    }
  },
  "routing": {
    "gsm8k": {
      "entropy": 4.93499194273743,
      "max_entropy": 5.0,
      "normalized_entropy": 0.9869983885474859,
      "components_used": 32,
      "components_used_1pct": 32,
      "total_components": 32,
      "top_components": {
        "23": 158396,
        "18": 145915,
        "7": 142997,
        "27": 140785,
        "9": 132849
      },
      "usage_counts": [
        78486.0,
        69237.0,
        107350.0,
        98939.0,
        126941.0,
        38468.0,
        83832.0,
        142997.0,
        108933.0,
        132849.0,
        65285.0,
        60382.0,
        71357.0,
        48955.0,
        103540.0,
        104510.0,
        76555.0,
        101719.0,
        145915.0,
        105015.0,
        113868.0,
        101930.0,
        67519.0,
        158396.0,
        98346.0,
        88389.0,
        123756.0,
        140785.0,
        112221.0,
        66154.0,
        79936.0,
        104219.0
      ]
    },
    "arc": {
      "entropy": 4.934144248068612,
      "max_entropy": 5.0,
      "normalized_entropy": 0.9868288496137223,
      "components_used": 32,
      "components_used_1pct": 32,
      "total_components": 32,
      "top_components": {
        "23": 164864,
        "7": 154857,
        "18": 152103,
        "27": 149125,
        "9": 138987
      },
      "usage_counts": [
        82774.0,
        73178.0,
        113880.0,
        98761.0,
        133889.0,
        39598.0,
        86260.0,
        154857.0,
        116212.0,
        138987.0,
        66895.0,
        62598.0,
        71829.0,
        52608.0,
        109154.0,
        110274.0,
        81144.0,
        111959.0,
        152103.0,
        105114.0,
        118154.0,
        111381.0,
        70107.0,
        164864.0,
        106066.0,
        93264.0,
        131162.0,
        149125.0,
        116239.0,
        72193.0,
        88272.0,
        110283.0
      ]
    },
    "commonsenseqa": {
      "entropy": 4.938458018820698,
      "max_entropy": 5.0,
      "normalized_entropy": 0.9876916037641396,
      "components_used": 32,
      "components_used_1pct": 32,
      "total_components": 32,
      "top_components": {
        "23": 106438,
        "7": 96344,
        "18": 89980,
        "27": 89166,
        "9": 89152
      },
      "usage_counts": [
        55848.0,
        47583.0,
        76906.0,
        59881.0,
        82268.0,
        24756.0,
        58986.0,
        96344.0,
        73671.0,
        89152.0,
        41352.0,
        41164.0,
        46106.0,
        34111.0,
        71495.0,
        69307.0,
        53052.0,
        77230.0,
        89980.0,
        67859.0,
        73464.0,
        72504.0,
        43751.0,
        106438.0,
        68359.0,
        58770.0,
        76319.0,
        89166.0,
        73511.0,
        44097.0,
        59915.0,
        67663.0
      ]
    },
    "piqa": {
      "entropy": 4.929246611765373,
      "max_entropy": 5.0,
      "normalized_entropy": 0.9858493223530745,
      "components_used": 32,
      "components_used_1pct": 32,
      "total_components": 32,
      "top_components": {
        "18": 163459,
        "23": 162126,
        "7": 156074,
        "27": 154143,
        "26": 141267
      },
      "usage_counts": [
        81462.0,
        70258.0,
        111633.0,
        103459.0,
        137521.0,
        40540.0,
        83052.0,
        156074.0,
        117236.0,
        140999.0,
        65757.0,
        61809.0,
        72175.0,
        52895.0,
        106165.0,
        110413.0,
        79104.0,
        104986.0,
        163459.0,
        103921.0,
        121321.0,
        111234.0,
        69187.0,
        162126.0,
        106588.0,
        97012.0,
        141267.0,
        154143.0,
        114207.0,
        75005.0,
        84765.0,
        112867.0
      ]
    },
    "winogrande": {
      "entropy": 4.936251861483452,
      "max_entropy": 5.0,
      "normalized_entropy": 0.9872503722966904,
      "components_used": 32,
      "components_used_1pct": 32,
      "total_components": 32,
      "top_components": {
        "23": 95169,
        "18": 84063,
        "7": 83664,
        "27": 78373,
        "9": 77129
      },
      "usage_counts": [
        49687.0,
        44731.0,
        66260.0,
        56345.0,
        69399.0,
        20786.0,
        48574.0,
        83664.0,
        63111.0,
        77129.0,
        38370.0,
        36334.0,
        36642.0,
        27606.0,
        61403.0,
        56238.0,
        46326.0,
        70842.0,
        84063.0,
        60879.0,
        62141.0,
        66488.0,
        36009.0,
        95169.0,
        59237.0,
        56893.0,
        68380.0,
        78373.0,
        62491.0,
        43221.0,
        55488.0,
        58873.0
      ]
    },
    "boolq": {
      "entropy": 4.932158825497119,
      "max_entropy": 5.0,
      "normalized_entropy": 0.9864317650994238,
      "components_used": 32,
      "components_used_1pct": 32,
      "total_components": 32,
      "top_components": {
        "23": 362204,
        "18": 350576,
        "7": 339024,
        "27": 333087,
        "9": 309943
      },
      "usage_counts": [
        183686.0,
        158792.0,
        241449.0,
        227545.0,
        300278.0,
        87807.0,
        189440.0,
        339024.0,
        254730.0,
        309943.0,
        146017.0,
        139775.0,
        162828.0,
        113031.0,
        243343.0,
        246014.0,
        176693.0,
        230501.0,
        350576.0,
        235443.0,
        269537.0,
        241846.0,
        152680.0,
        362204.0,
        231516.0,
        207359.0,
        294208.0,
        333087.0,
        257764.0,
        161443.0,
        192240.0,
        244705.0
      ]
    },
    "hellaswag": {
      "entropy": 4.932024117481482,
      "max_entropy": 5.0,
      "normalized_entropy": 0.9864048234962963,
      "components_used": 32,
      "components_used_1pct": 32,
      "total_components": 32,
      "top_components": {
        "23": 245285,
        "18": 230669,
        "7": 229922,
        "27": 210068,
        "9": 205425
      },
      "usage_counts": [
        125102.0,
        110121.0,
        172424.0,
        150413.0,
        192796.0,
        56273.0,
        127836.0,
        229922.0,
        168741.0,
        205425.0,
        96462.0,
        90562.0,
        99916.0,
        74966.0,
        161475.0,
        156129.0,
        119009.0,
        170211.0,
        230669.0,
        153905.0,
        169907.0,
        168686.0,
        98081.0,
        245285.0,
        156304.0,
        148864.0,
        197027.0,
        210068.0,
        161289.0,
        108203.0,
        134604.0,
        163085.0
      ]
    },
    "math": {
      "entropy": 4.928701462495229,
      "max_entropy": 5.0,