{
  "metrics": {
    "gsm8k": {
      "accuracy": 0.0932524639878696
    },
    "arc": {
      "accuracy": 0.26023890784982934
    },
    "commonsenseqa": {
      "accuracy": 0.19901719901719903
    },
    "piqa": {
      "accuracy": 0.5081610446137106
    },
    "winogrande": {
      "accuracy": 0.5059194948697711
    },
    "boolq": {
      "accuracy": 0.7247706422018348
    },
    "hellaswag": {
      "accuracy": 0.2506472814180442
    },
    "math": {
      "accuracy": 0.0294
    },
    "openbookqa": {
      "accuracy": 0.246
    },
    "sciq": {
      "accuracy": 0.267
    },
    "mbpp": {
      "bleu": 0.06920642198628031,
      "rougeL": 0.4512266606794793
    },
    "logiqa2": {
      "accuracy": 0.26717557251908397
    },
    "drop": {
      "accuracy": 0.3722010984368399
    },
    "mmlu_aux": {
      "accuracy": 0.14384727870034655
    },
    "triviaqa": {
      "accuracy": 0.19035674470457078
    },
    "anli": {
      "accuracy": 0.415
    },
    "e2e": {
      "bleu": 0.5605617812144184,
      "rougeL": 0.6528324248661455
    },
    "samsum": {
      "bleu": 0.09411759121954352,
      "rougeL": 0.3670901129060565
    },
    "mmlu": {
      "accuracy": 0.24619000142429853
    },
    "mmlu_pro": {
      "accuracy": 0.10488696808510638
    },
    "bbh": {
      "accuracy": 0.14920127795527158
    },
    "ifeval": {
      "bleu": 0.04659052187745546,
      "rougeL": 0.2269432493281539
    },
    "agieval": {
      "accuracy": 0.20866141732283464
    },
    "gpqa_diamond": {
      "accuracy": 0.2222222222222222
    },
    "truthfulqa": {
      "accuracy": 0.24112607099143207
    }
  },
  "routing": {
    "gsm8k": {
      "entropy": 2.974019657999303,
      "max_entropy": 3.0,
      "normalized_entropy": 0.9913398859997676,
      "components_used": 8,
      "components_used_1pct": 8,
      "total_components": 8,
      "top_components": {
        "6": 119048,
        "2": 117253,
        "3": 108301,
        "7": 106076,
        "1": 100222
      },
      "usage_counts": [
        83690.0,
        100222.0,
        117253.0,
        108301.0,
        84163.0,
        62943.0,
        119048.0,
        106076.0
      ]
    },
    "arc": {
      "entropy": 2.975514699690886,
      "max_entropy": 3.0,
      "normalized_entropy": 0.9918382332302954,
      "components_used": 8,
      "components_used_1pct": 8,
      "total_components": 8,
      "top_components": {
        "2": 126628,
        "6": 121191,
        "3": 113463,
        "7": 112673,
        "1": 106155
      },
      "usage_counts": [
        85858.0,
        106155.0,
        126628.0,
        113463.0,
        88160.0,
        69168.0,
        121191.0,
        112673.0
      ]
    },
    "commonsenseqa": {
      "entropy": 2.9856869409552282,
      "max_entropy": 3.0,
      "normalized_entropy": 0.9952289803184095,
      "components_used": 8,
      "components_used_1pct": 8,
      "total_components": 8,
      "top_components": {
        "6": 76030,
        "3": 74395,
        "2": 73577,
        "1": 70334,
        "7": 61397
      },
      "usage_counts": [
        58474.0,
        70334.0,
        73577.0,
        74395.0,
        59901.0,
        48644.0,
        76030.0,
        61397.0
      ]
    },
    "piqa": {
      "entropy": 2.962913488284802,
      "max_entropy": 3.0,
      "normalized_entropy": 0.9876378294282673,
      "components_used": 8,
      "components_used_1pct": 8,
      "total_components": 8,
      "top_components": {
        "2": 133377,
        "6": 127412,
        "7": 122037,
        "3": 109975,
        "1": 101531
      },
      "usage_counts": [
        83884.0,
        101531.0,
        133377.0,
        109975.0,
        88038.0,
        61906.0,
        127412.0,
        122037.0
      ]
    },
    "winogrande": {
      "entropy": 2.980783324158356,
      "max_entropy": 3.0,
      "normalized_entropy": 0.9935944413861186,
      "components_used": 8,
      "components_used_1pct": 8,
      "total_components": 8,
      "top_components": {
        "2": 69456,
        "6": 69422,
        "3": 59717,
        "4": 59158,
        "1": 56899
      },
      "usage_counts": [
        54592.0,
        56899.0,
        69456.0,
        59717.0,
        59158.0,
        38872.0,
        69422.0,
        52172.0
      ]
    },
    "boolq": {
      "entropy": 2.9678811019714626,
      "max_entropy": 3.0,
      "normalized_entropy": 0.9892937006571542,
      "components_used": 8,
      "components_used_1pct": 8,
      "total_components": 8,
      "top_components": {
        "2": 282538,
        "6": 276927,
        "7": 257858,
        "3": 247006,
        "1": 233303
      },
      "usage_counts": [
        195089.0,
        233303.0,
        282538.0,
        247006.0,
        191943.0,
        136712.0,
        276927.0,
        257858.0
      ]
    },
    "hellaswag": {
      "entropy": 2.9741849319171676,
      "max_entropy": 3.0,
      "normalized_entropy": 0.9913949773057226,
      "components_used": 8,
      "components_used_1pct": 8,
      "total_components": 8,
      "top_components": {
        "2": 194883,
        "6": 185103,
        "7": 159287,
        "3": 158919,
        "4": 144092
      },
      "usage_counts": [
        131540.0,
        140121.0,
        194883.0,
        158919.0,
        144092.0,
        99495.0,
        185103.0,
        159287.0
      ]
    },
    "math": {
      "entropy": 2.972182103235851,
      "max_entropy": 3.0,
      "normalized_entropy": 0.9907273677452837,
      "components_used": 8,
      "components_used_1pct": 8,
      "total_components": 8,
      "top_components": {
        "2": 108918,
        "6": 108005,
        "7": 100476,
        "3": 98769,
        "1": 89487
      },
      "usage_counts": [
        79029.0,
        89487.0,
        108918.0,
        98769.0,
        76958.0,
        55670.0,
        108005.0,
        100476.0
      ]
    },
    "openbookqa": {
      "entropy": 2.9759842062933193,
      "max_entropy": 3.0,
      "normalized_entropy": 0.9919947354311064,
      "components_used": 8,
      "components_used_1pct": 8,
      "total_components": 8,
      "top_components": {
        "2": 80498,
        "6": 78872,
        "3": 72837,
        "7": 72592,
        "1": 69008
      },
      "usage_counts": [
        55441.0,
        69008.0,
        80498.0,
        72837.0,
        57014.0,
        44618.0,
        78872.0,
        72592.0
      ]
    },
    "sciq": {
      "entropy": 2.9823411174569694,
      "max_entropy": 3.0,
      "normalized_entropy": 0.9941137058189898,
      "components_used": 8,
      "components_used_1pct": 8,
      "total_components": 8,
      "top_components": {
        "6": 74138,
        "2": 71108,
        "3": 70891,
        "1": 66319,
        "7": 62269
      },
      "usage_counts": [
        55125.0,
        66319.0,
        71108.0,
        70891.0,
        54724.0,
        44434.0,
        74138.0,
        62269.0
      ]
    },
    "mbpp": {
      "entropy": 2.971343701981683,
      "max_entropy": 3.0,
      "normalized_entropy": 0.990447900660561,
      "components_used": 8,
      "components_used_1pct": 8,
      "total_components": 8,
      "top_components": {
        "2": 99041,
        "6": 98934,
        "7": 90381,
        "3": 89861,
        "1": 83962
      },
      "usage_counts": [
        69386.0,
        83962.0,
        99041.0,
        89861.0,
        69211.0,
        51000.0,
        98934.0,
        90381.0
      ]
    },
    "logiqa2": {
      "entropy": 2.974593013985325,
      "max_entropy": 3.0,
      "normalized_entropy": 0.991531004661775,
      "components_used": 8,
      "components_used_1pct": 8,
      "total_components": 8,
      "top_components": {
        "2": 383259,
        "6": 363572,
        "7": 336069,
        "3": 334803,
        "1": 310893
      },